Назва,Категрія,Ціна,Посилання
Cassius Sparring Tank,Tops,$18.00,https://magento.softwaretestingboard.com/cassius-sparring-tank.html
Atlas Fitness Tank,Tops,$18.00,https://magento.softwaretestingboard.com/atlas-fitness-tank.html
Tiberius Gym Tank,Tops,$18.00,https://magento.softwaretestingboard.com/tiberius-gym-tank.html
Sinbad Fitness Tank,Tops,$29.00,https://magento.softwaretestingboard.com/sinbad-fitness-tank.html
Sparta Gym Tank,Tops,$29.00,https://magento.softwaretestingboard.com/sparta-gym-tank.html
Argus All-Weather Tank,Tops,$22.00,https://magento.softwaretestingboard.com/argus-all-weather-tank.html
Vulcan Weightlifting Tank,Tops,$28.00,https://magento.softwaretestingboard.com/vulcan-weightlifting-tank.html
Rocco Gym Tank,Tops,$24.00,https://magento.softwaretestingboard.com/rocco-gym-tank.html
Helios Endurance Tank,Tops,$32.00,https://magento.softwaretestingboard.com/helios-endurance-tank.html
Primo Endurance Tank,Tops,$29.00,https://magento.softwaretestingboard.com/primo-endurance-tank.html
Tristan Endurance Tank,Tops,$29.00,https://magento.softwaretestingboard.com/tristan-endurance-tank.html
Erikssen CoolTech™ Fitness Tank,Tops,$29.00,https://magento.softwaretestingboard.com/erikssen-cooltech-trade-fitness-tank.html
